,City, City Code, NUTS 2, Country,Year,Unemployment_Rate
0,Amsterdam,NL002C1,NL32,NL,2012,33.0
1,Ankara,TR001C1,TR51,TR,2012,42.0
2,Antwerp,BE002C1,BE2,BE,2012,60.0
3,Athens,EL001C1,EL30,EL,2012,59.0
4,Barcelona,ES002C1,ES51,ES,2012,45.0
5,Valencia,ES003C1,ES51,ES,2012,45.0
6,Belfast,UK012C1,UKN0,UK,2012,26.0
7,Bergen,NO002C1,NO05,NO,2012,29.0
8,Berlin,DE001C1,DE30,DE,2012,13.0
9,Birmingham,UK002C1,UKG3,UK,2012,21.0
10,Bologna,IT009C1,ITH5,IT,2012,88.0
11,Brasov,RO504C1,RO12,RO,2012,105.0
12,Bratislava,SK001C1,SK01,SK,2012,46.0
13,Bristol,UK011C1,UKK1,UK,2012,33.0
14,Brno,CZ002C1,CZ06,CZ,2012,61.0
15,Brussels,BE001C1,BE1,BE,2012,32.0
16,Bucharest,RO001C1,RO32,RO,2012,63.0
17,Budapest,HU001C1,HU11,HU,2012,
18,Bursa,TR005C1,TR41,TR,2012,40.0
19,Cambridge,UK017C1,UKH1,UK,2012,39.0
20,Cluj-Napoca,RO002C1,RO11,RO,2012,86.0
21,Cologne,DE004C1,DEA2,DE,2012,34.0
22,Constanta,RO501C1,RO22,RO,2012,124.0
23,Copenhagen,DK001C1,DK01,DK,2012,20.0
24,Cork,IE002C1,IE05,IE,2012,
25,Dublin,IE001C1,IE06,IE,2012,
26,Dusseldorf,DE011C1,DEA1,DE,2012,23.0
27,Eindhoven,NL005C1,NL41,NL,2012,43.0
28,Frankfurt,DE005C1,DE71,DE,2012,32.0
29,Gdansk,PL006C1,PL63,PL,2012,79.0
30,Geneva,CH002C1,CH01,CH,2012,63.0
31,Gent,BE003C1,BE23,BE,2012,70.0
32,Gothenburg,SE002C1,SE23,SE,2012,26.0
33,Hamburg,DE002C1,DE60,DE,2012,19.0
34,Iasi,RO502C1,RO21,RO,2012,101.0
35,Istanbul,TR012C1,TR10,TR,2012,18.0
36,Izmir,TR013C1,TR31,TR,2012,40.0
37,Kaunas,LT002C1,LT02,LT,2012,
38,Krakow (Cracow),PL003C1,PL2,PL,2012,75.0
39,Leeds,UK003C1,UKE4,UK,2012,22.0
40,Limassol,CY501C1,CY00,CY,2012,59.0
41,Lisbon,PT001C1,PT17,PT,2012,38.0
42,Ljubljana,SI001C1,SI04,SI,2012,
43,London,UK001K2,UKI,UK,2012,16.0
44,Luxembourg,LU001C1,LU00,LU,2012,65.0
45,Lyon,FR003C2,FRK2,FR,2012,55.0
46,Madrid,ES001C1,ES30,ES,2012,21.0
47,Manchester,UK008C1,UKD3,UK,2012,18.0
48,Milan,IT002C1,ITC4,IT,2012,57.0
49,Munich,DE003L1,DE21,DE,2012,47.0
50,Nicosia,CY001C1,CY0,CY,2012,59.0
51,Oslo,NO001C1,NO01,NO,2012,17.0
52,Paris,FR001C1,FR10,FR,2012,27.0
53,Porto,PT002C1,PT11,PT,2012,64.0
54,Poznan,PL005C1,PL41,PL,2012,92.0
55,Prague,CZ001C1,CZ01,CZ,2012,24.0
56,Riga,LV001C1,LV00,LV,2012,87.0
57,Rome,IT001C1,ITI4,IT,2012,70.0
58,Rotterdam,NL003C1,NL33,NL,2012,27.0
59,The Hague (Den Haag),NL001C1,NL33,NL,2012,27.0
60,Seville (Sevilla),ES004C1,ES61,ES,2012,35.0
61,Sofia,BG001C1,BG41,BG,2012,65.0
62,Stockholm,SE001C1,SE11,SE,2012,15.0
63,Stuttgart,DE007C1,DE11,DE,2012,39.0
64,Tallinn,EE001C1,EE00,EE,2012,66.0
65,Thessaloniki,EL002C1,EL52,EL,2012,85.0
66,Timisoara,RO003C1,RO42,RO,2012,118.0
67,Trieste,IT015C1,ITH4,IT,2012,70.0
68,Trondheim,NO003C1,NO06,NO,2012,19.0
69,Turin,IT004C1,ITC1,IT,2012,66.0
70,Varna,BG003C1,BG33,BG,2012,81.0
71,Vienna,AT001C1,AT13,AT,2012,14.0
72,Vilnius,LT001C1,LT01,LT,2012,
73,Warsaw,PL001C1,PL91,PL,2012,
74,Wroclaw,PL004C1,PL51,PL,2012,83.0
75,Zagreb,HR001C1,HR04,HR,2012,80.0
76,Zurich,CH001C1,CH04,CH,2012,27.0
77,Amsterdam,NL002C1,NL32,NL,2013,26.0
78,Ankara,TR001C1,TR51,TR,2013,32.0
79,Antwerp,BE002C1,BE2,BE,2013,60.0
80,Athens,EL001C1,EL30,EL,2013,54.0
81,Barcelona,ES002C1,ES51,ES,2013,36.0
82,Valencia,ES003C1,ES51,ES,2013,36.0
83,Belfast,UK012C1,UKN0,UK,2013,31.0
84,Bergen,NO002C1,NO05,NO,2013,46.0
85,Berlin,DE001C1,DE30,DE,2013,11.0
86,Birmingham,UK002C1,UKG3,UK,2013,22.0
87,Bologna,IT009C1,ITH5,IT,2013,79.0
88,Brasov,RO504C1,RO12,RO,2013,87.0
89,Bratislava,SK001C1,SK01,SK,2013,29.0
90,Bristol,UK011C1,UKK1,UK,2013,37.0
91,Brno,CZ002C1,CZ06,CZ,2013,63.0
92,Brussels,BE001C1,BE1,BE,2013,21.0
93,Bucharest,RO001C1,RO32,RO,2013,59.0
94,Budapest,HU001C1,HU11,HU,2013,
95,Bursa,TR005C1,TR41,TR,2013,45.0
96,Cambridge,UK017C1,UKH1,UK,2013,42.0
97,Cluj-Napoca,RO002C1,RO11,RO,2013,90.0
98,Cologne,DE004C1,DEA2,DE,2013,27.0
99,Constanta,RO501C1,RO22,RO,2013,108.0
100,Copenhagen,DK001C1,DK01,DK,2013,14.0
101,Cork,IE002C1,IE05,IE,2013,
102,Dublin,IE001C1,IE06,IE,2013,
103,Dusseldorf,DE011C1,DEA1,DE,2013,19.0
104,Eindhoven,NL005C1,NL41,NL,2013,33.0
105,Frankfurt,DE005C1,DE71,DE,2013,26.0
106,Gdansk,PL006C1,PL63,PL,2013,77.0
107,Geneva,CH002C1,CH01,CH,2013,41.0
108,Gent,BE003C1,BE23,BE,2013,53.0
109,Gothenburg,SE002C1,SE23,SE,2013,27.0
110,Hamburg,DE002C1,DE60,DE,2013,15.0
111,Iasi,RO502C1,RO21,RO,2013,96.0
112,Istanbul,TR012C1,TR10,TR,2013,19.0
113,Izmir,TR013C1,TR31,TR,2013,33.0
114,Kaunas,LT002C1,LT02,LT,2013,
115,Krakow (Cracow),PL003C1,PL2,PL,2013,62.0
116,Leeds,UK003C1,UKE4,UK,2013,24.0
117,Limassol,CY501C1,CY00,CY,2013,47.0
118,Lisbon,PT001C1,PT17,PT,2013,37.0
119,Ljubljana,SI001C1,SI04,SI,2013,
120,London,UK001K2,UKI,UK,2013,16.0
121,Luxembourg,LU001C1,LU00,LU,2013,84.0
122,Lyon,FR003C2,FRK2,FR,2013,49.0
123,Madrid,ES001C1,ES30,ES,2013,20.0
124,Manchester,UK008C1,UKD3,UK,2013,13.0
125,Milan,IT002C1,ITC4,IT,2013,43.0
126,Munich,DE003L1,DE21,DE,2013,47.0
127,Nicosia,CY001C1,CY0,CY,2013,47.0
128,Oslo,NO001C1,NO01,NO,2013,14.0
129,Paris,FR001C1,FR10,FR,2013,24.0
130,Porto,PT002C1,PT11,PT,2013,53.0
131,Poznan,PL005C1,PL41,PL,2013,84.0
132,Prague,CZ001C1,CZ01,CZ,2013,29.0
133,Riga,LV001C1,LV00,LV,2013,88.0
134,Rome,IT001C1,ITI4,IT,2013,66.0
135,Rotterdam,NL003C1,NL33,NL,2013,24.0
136,The Hague (Den Haag),NL001C1,NL33,NL,2013,24.0
137,Seville (Sevilla),ES004C1,ES61,ES,2013,34.0
138,Sofia,BG001C1,BG41,BG,2013,61.0
139,Stockholm,SE001C1,SE11,SE,2013,10.0
140,Stuttgart,DE007C1,DE11,DE,2013,41.0
141,Tallinn,EE001C1,EE00,EE,2013,61.0
142,Thessaloniki,EL002C1,EL52,EL,2013,69.0
143,Timisoara,RO003C1,RO42,RO,2013,99.0
144,Trieste,IT015C1,ITH4,IT,2013,68.0
145,Trondheim,NO003C1,NO06,NO,2013,41.0
146,Turin,IT004C1,ITC1,IT,2013,59.0
147,Varna,BG003C1,BG33,BG,2013,86.0
148,Vienna,AT001C1,AT13,AT,2013,10.0
149,Vilnius,LT001C1,LT01,LT,2013,
150,Warsaw,PL001C1,PL91,PL,2013,
151,Wroclaw,PL004C1,PL51,PL,2013,78.0
152,Zagreb,HR001C1,HR04,HR,2013,84.0
153,Zurich,CH001C1,CH04,CH,2013,24.0
154,Amsterdam,NL002C1,NL32,NL,2014,26.0
155,Ankara,TR001C1,TR51,TR,2014,30.0
156,Antwerp,BE002C1,BE2,BE,2014,63.0
157,Athens,EL001C1,EL30,EL,2014,47.0
158,Barcelona,ES002C1,ES51,ES,2014,37.0
159,Valencia,ES003C1,ES51,ES,2014,37.0
160,Belfast,UK012C1,UKN0,UK,2014,43.0
161,Bergen,NO002C1,NO05,NO,2014,22.0
162,Berlin,DE001C1,DE30,DE,2014,15.0
163,Birmingham,UK002C1,UKG3,UK,2014,20.0
164,Bologna,IT009C1,ITH5,IT,2014,74.0
165,Brasov,RO504C1,RO12,RO,2014,93.0
166,Bratislava,SK001C1,SK01,SK,2014,50.0
167,Bristol,UK011C1,UKK1,UK,2014,34.0
168,Brno,CZ002C1,CZ06,CZ,2014,70.0
169,Brussels,BE001C1,BE1,BE,2014,24.0
170,Bucharest,RO001C1,RO32,RO,2014,57.0
171,Budapest,HU001C1,HU11,HU,2014,29.0
172,Bursa,TR005C1,TR41,TR,2014,40.0
173,Cambridge,UK017C1,UKH1,UK,2014,41.0
174,Cluj-Napoca,RO002C1,RO11,RO,2014,88.0
175,Cologne,DE004C1,DEA2,DE,2014,25.0
176,Constanta,RO501C1,RO22,RO,2014,99.0
177,Copenhagen,DK001C1,DK01,DK,2014,17.0
178,Cork,IE002C1,IE05,IE,2014,44.0
179,Dublin,IE001C1,IE06,IE,2014,36.0
180,Dusseldorf,DE011C1,DEA1,DE,2014,22.0
181,Eindhoven,NL005C1,NL41,NL,2014,40.0
182,Frankfurt,DE005C1,DE71,DE,2014,26.0
183,Gdansk,PL006C1,PL63,PL,2014,80.0
184,Geneva,CH002C1,CH01,CH,2014,31.0
185,Gent,BE003C1,BE23,BE,2014,57.0
186,Gothenburg,SE002C1,SE23,SE,2014,27.0
187,Hamburg,DE002C1,DE60,DE,2014,22.0
188,Iasi,RO502C1,RO21,RO,2014,90.0
189,Istanbul,TR012C1,TR10,TR,2014,15.0
190,Izmir,TR013C1,TR31,TR,2014,41.0
191,Kaunas,LT002C1,LT02,LT,2014,99.0
192,Krakow (Cracow),PL003C1,PL2,PL,2014,61.0
193,Leeds,UK003C1,UKE4,UK,2014,26.0
194,Limassol,CY501C1,CY00,CY,2014,52.0
195,Lisbon,PT001C1,PT17,PT,2014,37.0
196,Ljubljana,SI001C1,SI04,SI,2014,55.0
197,London,UK001K2,UKI,UK,2014,15.0
198,Luxembourg,LU001C1,LU00,LU,2014,64.0
199,Lyon,FR003C2,FRK2,FR,2014,45.0
200,Madrid,ES001C1,ES30,ES,2014,18.0
201,Manchester,UK008C1,UKD3,UK,2014,20.0
202,Milan,IT002C1,ITC4,IT,2014,45.0
203,Munich,DE003L1,DE21,DE,2014,48.0
204,Nicosia,CY001C1,CY0,CY,2014,52.0
205,Oslo,NO001C1,NO01,NO,2014,17.0
206,Paris,FR001C1,FR10,FR,2014,26.0
207,Porto,PT002C1,PT11,PT,2014,59.0
208,Poznan,PL005C1,PL41,PL,2014,78.0
209,Prague,CZ001C1,CZ01,CZ,2014,20.0
210,Riga,LV001C1,LV00,LV,2014,106.0
211,Rome,IT001C1,ITI4,IT,2014,63.0
212,Rotterdam,NL003C1,NL33,NL,2014,22.0
213,The Hague (Den Haag),NL001C1,NL33,NL,2014,22.0
214,Seville (Sevilla),ES004C1,ES61,ES,2014,34.0
215,Sofia,BG001C1,BG41,BG,2014,68.0
216,Stockholm,SE001C1,SE11,SE,2014,16.0
217,Stuttgart,DE007C1,DE11,DE,2014,34.0
218,Tallinn,EE001C1,EE00,EE,2014,59.0
219,Thessaloniki,EL002C1,EL52,EL,2014,66.0
220,Timisoara,RO003C1,RO42,RO,2014,113.0
221,Trieste,IT015C1,ITH4,IT,2014,81.0
222,Trondheim,NO003C1,NO06,NO,2014,43.0
223,Turin,IT004C1,ITC1,IT,2014,60.0
224,Varna,BG003C1,BG33,BG,2014,105.0
225,Vienna,AT001C1,AT13,AT,2014,12.0
226,Vilnius,LT001C1,LT01,LT,2014,68.0
227,Warsaw,PL001C1,PL91,PL,2014,
228,Wroclaw,PL004C1,PL51,PL,2014,84.0
229,Zagreb,HR001C1,HR04,HR,2014,64.0
230,Zurich,CH001C1,CH04,CH,2014,21.0
231,Amsterdam,NL002C1,NL32,NL,2015,28.0
232,Ankara,TR001C1,TR51,TR,2015,75.0
233,Antwerp,BE002C1,BE2,BE,2015,61.0
234,Athens,EL001C1,EL30,EL,2015,54.0
235,Barcelona,ES002C1,ES51,ES,2015,39.0
236,Valencia,ES003C1,ES51,ES,2015,39.0
237,Belfast,UK012C1,UKN0,UK,2015,40.0
238,Bergen,NO002C1,NO05,NO,2015,16.0
239,Berlin,DE001C1,DE30,DE,2015,14.0
240,Birmingham,UK002C1,UKG3,UK,2015,20.0
241,Bologna,IT009C1,ITH5,IT,2015,73.0
242,Brasov,RO504C1,RO12,RO,2015,92.0
243,Bratislava,SK001C1,SK01,SK,2015,48.0
244,Bristol,UK011C1,UKK1,UK,2015,36.0
245,Brno,CZ002C1,CZ06,CZ,2015,78.0
246,Brussels,BE001C1,BE1,BE,2015,24.0
247,Bucharest,RO001C1,RO32,RO,2015,55.0
248,Budapest,HU001C1,HU11,HU,2015,30.0
249,Bursa,TR005C1,TR41,TR,2015,85.0
250,Cambridge,UK017C1,UKH1,UK,2015,41.0
251,Cluj-Napoca,RO002C1,RO11,RO,2015,99.0
252,Cologne,DE004C1,DEA2,DE,2015,28.0
253,Constanta,RO501C1,RO22,RO,2015,107.0
254,Copenhagen,DK001C1,DK01,DK,2015,20.0
255,Cork,IE002C1,IE05,IE,2015,42.0
256,Dublin,IE001C1,IE06,IE,2015,20.0
257,Dusseldorf,DE011C1,DEA1,DE,2015,26.0
258,Eindhoven,NL005C1,NL41,NL,2015,47.0
259,Frankfurt,DE005C1,DE71,DE,2015,32.0
260,Gdansk,PL006C1,PL63,PL,2015,75.0
261,Geneva,CH002C1,CH01,CH,2015,28.0
262,Gent,BE003C1,BE23,BE,2015,68.0
263,Gothenburg,SE002C1,SE23,SE,2015,27.0
264,Hamburg,DE002C1,DE60,DE,2015,11.0
265,Iasi,RO502C1,RO21,RO,2015,100.0
266,Istanbul,TR012C1,TR10,TR,2015,40.0
267,Izmir,TR013C1,TR31,TR,2015,83.0
268,Kaunas,LT002C1,LT02,LT,2015,90.0
269,Krakow (Cracow),PL003C1,PL2,PL,2015,58.0
270,Leeds,UK003C1,UKE4,UK,2015,21.0
271,Limassol,CY501C1,CY00,CY,2015,67.0
272,Lisbon,PT001C1,PT17,PT,2015,31.0
273,Ljubljana,SI001C1,SI04,SI,2015,58.0
274,London,UK001K2,UKI,UK,2015,16.0
275,Luxembourg,LU001C1,LU00,LU,2015,64.0
276,Lyon,FR003C2,FRK2,FR,2015,51.0
277,Madrid,ES001C1,ES30,ES,2015,17.0
278,Manchester,UK008C1,UKD3,UK,2015,18.0
279,Milan,IT002C1,ITC4,IT,2015,48.0
280,Munich,DE003L1,DE21,DE,2015,38.0
281,Nicosia,CY001C1,CY0,CY,2015,67.0
282,Oslo,NO001C1,NO01,NO,2015,11.0
283,Paris,FR001C1,FR10,FR,2015,28.0
284,Porto,PT002C1,PT11,PT,2015,43.0
285,Poznan,PL005C1,PL41,PL,2015,71.0
286,Prague,CZ001C1,CZ01,CZ,2015,23.0
287,Riga,LV001C1,LV00,LV,2015,95.0
288,Rome,IT001C1,ITI4,IT,2015,63.0
289,Rotterdam,NL003C1,NL33,NL,2015,24.0
290,The Hague (Den Haag),NL001C1,NL33,NL,2015,24.0
291,Seville (Sevilla),ES004C1,ES61,ES,2015,31.0
292,Sofia,BG001C1,BG41,BG,2015,72.0
293,Stockholm,SE001C1,SE11,SE,2015,6.0
294,Stuttgart,DE007C1,DE11,DE,2015,32.0
295,Tallinn,EE001C1,EE00,EE,2015,51.0
296,Thessaloniki,EL002C1,EL52,EL,2015,65.0
297,Timisoara,RO003C1,RO42,RO,2015,116.0
298,Trieste,IT015C1,ITH4,IT,2015,57.0
299,Trondheim,NO003C1,NO06,NO,2015,25.0
300,Turin,IT004C1,ITC1,IT,2015,56.0
301,Varna,BG003C1,BG33,BG,2015,112.0
302,Vienna,AT001C1,AT13,AT,2015,7.0
303,Vilnius,LT001C1,LT01,LT,2015,63.0
304,Warsaw,PL001C1,PL91,PL,2015,
305,Wroclaw,PL004C1,PL51,PL,2015,64.0
306,Zagreb,HR001C1,HR04,HR,2015,73.0
307,Zurich,CH001C1,CH04,CH,2015,16.0
308,Amsterdam,NL002C1,NL32,NL,2016,31.0
309,Ankara,TR001C1,TR51,TR,2016,73.0
310,Antwerp,BE002C1,BE2,BE,2016,52.0
311,Athens,EL001C1,EL30,EL,2016,53.0
312,Barcelona,ES002C1,ES51,ES,2016,38.0
313,Valencia,ES003C1,ES51,ES,2016,38.0
314,Belfast,UK012C1,UKN0,UK,2016,37.0
315,Bergen,NO002C1,NO05,NO,2016,18.0
316,Berlin,DE001C1,DE30,DE,2016,16.0
317,Birmingham,UK002C1,UKG3,UK,2016,21.0
318,Bologna,IT009C1,ITH5,IT,2016,69.0
319,Brasov,RO504C1,RO12,RO,2016,99.0
320,Bratislava,SK001C1,SK01,SK,2016,44.0
321,Bristol,UK011C1,UKK1,UK,2016,29.0
322,Brno,CZ002C1,CZ06,CZ,2016,51.0
323,Brussels,BE001C1,BE1,BE,2016,14.0
324,Bucharest,RO001C1,RO32,RO,2016,58.0
325,Budapest,HU001C1,HU11,HU,2016,32.0
326,Bursa,TR005C1,TR41,TR,2016,81.0
327,Cambridge,UK017C1,UKH1,UK,2016,45.0
328,Cluj-Napoca,RO002C1,RO11,RO,2016,91.0
329,Cologne,DE004C1,DEA2,DE,2016,30.0
330,Constanta,RO501C1,RO22,RO,2016,112.0
331,Copenhagen,DK001C1,DK01,DK,2016,29.0
332,Cork,IE002C1,IE05,IE,2016,40.0
333,Dublin,IE001C1,IE06,IE,2016,34.0
334,Dusseldorf,DE011C1,DEA1,DE,2016,23.0
335,Eindhoven,NL005C1,NL41,NL,2016,45.0
336,Frankfurt,DE005C1,DE71,DE,2016,34.0
337,Gdansk,PL006C1,PL63,PL,2016,63.0
338,Geneva,CH002C1,CH01,CH,2016,26.0
339,Gent,BE003C1,BE23,BE,2016,56.0
340,Gothenburg,SE002C1,SE23,SE,2016,34.0
341,Hamburg,DE002C1,DE60,DE,2016,16.0
342,Iasi,RO502C1,RO21,RO,2016,106.0
343,Istanbul,TR012C1,TR10,TR,2016,38.0
344,Izmir,TR013C1,TR31,TR,2016,80.0
345,Kaunas,LT002C1,LT02,LT,2016,70.0
346,Krakow (Cracow),PL003C1,PL2,PL,2016,56.0
347,Leeds,UK003C1,UKE4,UK,2016,16.0
348,Limassol,CY501C1,CY00,CY,2016,54.0
349,Lisbon,PT001C1,PT17,PT,2016,30.0
350,Ljubljana,SI001C1,SI04,SI,2016,57.0
351,London,UK001K2,UKI,UK,2016,13.0
352,Luxembourg,LU001C1,LU00,LU,2016,56.0
353,Lyon,FR003C2,FRK2,FR,2016,54.0
354,Madrid,ES001C1,ES30,ES,2016,19.0
355,Manchester,UK008C1,UKD3,UK,2016,20.0
356,Milan,IT002C1,ITC4,IT,2016,43.0
357,Munich,DE003L1,DE21,DE,2016,41.0
358,Nicosia,CY001C1,CY0,CY,2016,54.0
359,Oslo,NO001C1,NO01,NO,2016,13.0
360,Paris,FR001C1,FR10,FR,2016,24.0
361,Porto,PT002C1,PT11,PT,2016,39.0
362,Poznan,PL005C1,PL41,PL,2016,72.0
363,Prague,CZ001C1,CZ01,CZ,2016,21.0
364,Riga,LV001C1,LV00,LV,2016,80.0
365,Rome,IT001C1,ITI4,IT,2016,59.0
366,Rotterdam,NL003C1,NL33,NL,2016,19.0
367,The Hague (Den Haag),NL001C1,NL33,NL,2016,19.0
368,Seville (Sevilla),ES004C1,ES61,ES,2016,36.0
369,Sofia,BG001C1,BG41,BG,2016,60.0
370,Stockholm,SE001C1,SE11,SE,2016,12.0
371,Stuttgart,DE007C1,DE11,DE,2016,30.0
372,Tallinn,EE001C1,EE00,EE,2016,54.0
373,Thessaloniki,EL002C1,EL52,EL,2016,76.0
374,Timisoara,RO003C1,RO42,RO,2016,99.0
375,Trieste,IT015C1,ITH4,IT,2016,55.0
376,Trondheim,NO003C1,NO06,NO,2016,31.0
377,Turin,IT004C1,ITC1,IT,2016,56.0
378,Varna,BG003C1,BG33,BG,2016,105.0
379,Vienna,AT001C1,AT13,AT,2016,10.0
380,Vilnius,LT001C1,LT01,LT,2016,58.0
381,Warsaw,PL001C1,PL91,PL,2016,
382,Wroclaw,PL004C1,PL51,PL,2016,79.0
383,Zagreb,HR001C1,HR04,HR,2016,72.0
384,Zurich,CH001C1,CH04,CH,2016,15.0
385,Amsterdam,NL002C1,NL32,NL,2017,29.0
386,Ankara,TR001C1,TR51,TR,2017,73.0
387,Antwerp,BE002C1,BE2,BE,2017,46.0
388,Athens,EL001C1,EL30,EL,2017,43.0
389,Barcelona,ES002C1,ES51,ES,2017,38.0
390,Valencia,ES003C1,ES51,ES,2017,38.0
391,Belfast,UK012C1,UKN0,UK,2017,34.0
392,Bergen,NO002C1,NO05,NO,2017,26.0
393,Berlin,DE001C1,DE30,DE,2017,10.0
394,Birmingham,UK002C1,UKG3,UK,2017,20.0
395,Bologna,IT009C1,ITH5,IT,2017,85.0
396,Brasov,RO504C1,RO12,RO,2017,94.0
397,Bratislava,SK001C1,SK01,SK,2017,39.0
398,Bristol,UK011C1,UKK1,UK,2017,31.0
399,Brno,CZ002C1,CZ06,CZ,2017,61.0
400,Brussels,BE001C1,BE1,BE,2017,20.0
401,Bucharest,RO001C1,RO32,RO,2017,63.0
402,Budapest,HU001C1,HU11,HU,2017,28.0
403,Bursa,TR005C1,TR41,TR,2017,90.0
404,Cambridge,UK017C1,UKH1,UK,2017,45.0
405,Cluj-Napoca,RO002C1,RO11,RO,2017,88.0
406,Cologne,DE004C1,DEA2,DE,2017,27.0
407,Constanta,RO501C1,RO22,RO,2017,106.0
408,Copenhagen,DK001C1,DK01,DK,2017,18.0
409,Cork,IE002C1,IE05,IE,2017,36.0
410,Dublin,IE001C1,IE06,IE,2017,25.0
411,Dusseldorf,DE011C1,DEA1,DE,2017,23.0
412,Eindhoven,NL005C1,NL41,NL,2017,39.0
413,Frankfurt,DE005C1,DE71,DE,2017,28.0
414,Gdansk,PL006C1,PL63,PL,2017,59.0
415,Geneva,CH002C1,CH01,CH,2017,27.0
416,Gent,BE003C1,BE23,BE,2017,42.0
417,Gothenburg,SE002C1,SE23,SE,2017,24.0
418,Hamburg,DE002C1,DE60,DE,2017,15.0
419,Iasi,RO502C1,RO21,RO,2017,103.0
420,Istanbul,TR012C1,TR10,TR,2017,37.0
421,Izmir,TR013C1,TR31,TR,2017,79.0
422,Kaunas,LT002C1,LT02,LT,2017,72.0
423,Krakow (Cracow),PL003C1,PL2,PL,2017,56.0
424,Leeds,UK003C1,UKE4,UK,2017,19.0
425,Limassol,CY501C1,CY00,CY,2017,62.0
426,Lisbon,PT001C1,PT17,PT,2017,34.0
427,Ljubljana,SI001C1,SI04,SI,2017,41.0
428,London,UK001K2,UKI,UK,2017,15.0
429,Luxembourg,LU001C1,LU00,LU,2017,42.0
430,Lyon,FR003C2,FRK2,FR,2017,49.0
431,Madrid,ES001C1,ES30,ES,2017,19.0
432,Manchester,UK008C1,UKD3,UK,2017,8.0
433,Milan,IT002C1,ITC4,IT,2017,42.0
434,Munich,DE003L1,DE21,DE,2017,36.0
435,Nicosia,CY001C1,CY0,CY,2017,62.0
436,Oslo,NO001C1,NO01,NO,2017,10.0
437,Paris,FR001C1,FR10,FR,2017,26.0
438,Porto,PT002C1,PT11,PT,2017,52.0
439,Poznan,PL005C1,PL41,PL,2017,85.0
440,Prague,CZ001C1,CZ01,CZ,2017,14.0
441,Riga,LV001C1,LV00,LV,2017,70.0
442,Rome,IT001C1,ITI4,IT,2017,60.0
443,Rotterdam,NL003C1,NL33,NL,2017,27.0
444,The Hague (Den Haag),NL001C1,NL33,NL,2017,27.0
445,Seville (Sevilla),ES004C1,ES61,ES,2017,36.0
446,Sofia,BG001C1,BG41,BG,2017,63.0
447,Stockholm,SE001C1,SE11,SE,2017,19.0
448,Stuttgart,DE007C1,DE11,DE,2017,31.0
449,Tallinn,EE001C1,EE00,EE,2017,36.0
450,Thessaloniki,EL002C1,EL52,EL,2017,56.0
451,Timisoara,RO003C1,RO42,RO,2017,119.0
452,Trieste,IT015C1,ITH4,IT,2017,57.0
453,Trondheim,NO003C1,NO06,NO,2017,26.0
454,Turin,IT004C1,ITC1,IT,2017,64.0
455,Varna,BG003C1,BG33,BG,2017,104.0
456,Vienna,AT001C1,AT13,AT,2017,11.0
457,Vilnius,LT001C1,LT01,LT,2017,53.0
458,Warsaw,PL001C1,PL91,PL,2017,61.0
459,Wroclaw,PL004C1,PL51,PL,2017,76.0
460,Zagreb,HR001C1,HR04,HR,2017,71.0
461,Zurich,CH001C1,CH04,CH,2017,15.0
462,Amsterdam,NL002C1,NL32,NL,2018,32.0
463,Ankara,TR001C1,TR51,TR,2018,72.0
464,Antwerp,BE002C1,BE2,BE,2018,47.0
465,Athens,EL001C1,EL30,EL,2018,48.0
466,Barcelona,ES002C1,ES51,ES,2018,44.0
467,Valencia,ES003C1,ES51,ES,2018,44.0
468,Belfast,UK012C1,UKN0,UK,2018,29.0
469,Bergen,NO002C1,NO05,NO,2018,23.0
470,Berlin,DE001C1,DE30,DE,2018,12.0
471,Birmingham,UK002C1,UKG3,UK,2018,20.0
472,Bologna,IT009C1,ITH5,IT,2018,71.0
473,Brasov,RO504C1,RO12,RO,2018,95.0
474,Bratislava,SK001C1,SK01,SK,2018,32.0
475,Bristol,UK011C1,UKK1,UK,2018,33.0
476,Brno,CZ002C1,CZ06,CZ,2018,61.0
477,Brussels,BE001C1,BE1,BE,2018,17.0
478,Bucharest,RO001C1,RO32,RO,2018,48.0
479,Budapest,HU001C1,HU11,HU,2018,29.0
480,Bursa,TR005C1,TR41,TR,2018,73.0
481,Cambridge,UK017C1,UKH1,UK,2018,30.0
482,Cluj-Napoca,RO002C1,RO11,RO,2018,96.0
483,Cologne,DE004C1,DEA2,DE,2018,30.0
484,Constanta,RO501C1,RO22,RO,2018,111.0
485,Copenhagen,DK001C1,DK01,DK,2018,14.0
486,Cork,IE002C1,IE05,IE,2018,33.0
487,Dublin,IE001C1,IE06,IE,2018,22.0
488,Dusseldorf,DE011C1,DEA1,DE,2018,22.0
489,Eindhoven,NL005C1,NL41,NL,2018,59.0
490,Frankfurt,DE005C1,DE71,DE,2018,35.0
491,Gdansk,PL006C1,PL63,PL,2018,64.0
492,Geneva,CH002C1,CH01,CH,2018,25.0
493,Gent,BE003C1,BE23,BE,2018,47.0
494,Gothenburg,SE002C1,SE23,SE,2018,32.0
495,Hamburg,DE002C1,DE60,DE,2018,16.0
496,Iasi,RO502C1,RO21,RO,2018,99.0
497,Istanbul,TR012C1,TR10,TR,2018,29.0
498,Izmir,TR013C1,TR31,TR,2018,75.0
499,Kaunas,LT002C1,LT02,LT,2018,57.0
500,Krakow (Cracow),PL003C1,PL2,PL,2018,56.0
501,Leeds,UK003C1,UKE4,UK,2018,30.0
502,Limassol,CY501C1,CY00,CY,2018,57.0
503,Lisbon,PT001C1,PT17,PT,2018,47.0
504,Ljubljana,SI001C1,SI04,SI,2018,34.0
505,London,UK001K2,UKI,UK,2018,13.0
506,Luxembourg,LU001C1,LU00,LU,2018,60.0
507,Lyon,FR003C2,FRK2,FR,2018,55.0
508,Madrid,ES001C1,ES30,ES,2018,17.0
509,Manchester,UK008C1,UKD3,UK,2018,16.0
510,Milan,IT002C1,ITC4,IT,2018,48.0
511,Munich,DE003L1,DE21,DE,2018,44.0
512,Nicosia,CY001C1,CY0,CY,2018,57.0
513,Oslo,NO001C1,NO01,NO,2018,9.0
514,Paris,FR001C1,FR10,FR,2018,25.0
515,Porto,PT002C1,PT11,PT,2018,54.0
516,Poznan,PL005C1,PL41,PL,2018,75.0
517,Prague,CZ001C1,CZ01,CZ,2018,28.0
518,Riga,LV001C1,LV00,LV,2018,77.0
519,Rome,IT001C1,ITI4,IT,2018,57.0
520,Rotterdam,NL003C1,NL33,NL,2018,27.0
521,The Hague (Den Haag),NL001C1,NL33,NL,2018,27.0
522,Seville (Sevilla),ES004C1,ES61,ES,2018,33.0
523,Sofia,BG001C1,BG41,BG,2018,59.0
524,Stockholm,SE001C1,SE11,SE,2018,13.0
525,Stuttgart,DE007C1,DE11,DE,2018,38.0
526,Tallinn,EE001C1,EE00,EE,2018,51.0
527,Thessaloniki,EL002C1,EL52,EL,2018,49.0
528,Timisoara,RO003C1,RO42,RO,2018,114.0
529,Trieste,IT015C1,ITH4,IT,2018,63.0
530,Trondheim,NO003C1,NO06,NO,2018,22.0
531,Turin,IT004C1,ITC1,IT,2018,57.0
532,Varna,BG003C1,BG33,BG,2018,108.0
533,Vienna,AT001C1,AT13,AT,2018,10.0
534,Vilnius,LT001C1,LT01,LT,2018,72.0
535,Warsaw,PL001C1,PL91,PL,2018,50.0
536,Wroclaw,PL004C1,PL51,PL,2018,71.0
537,Zagreb,HR001C1,HR04,HR,2018,70.0
538,Zurich,CH001C1,CH04,CH,2018,22.0
